step_number,epoch_number,training_loss
0,1,1.450763429907405
1,1,1.3761873825202955
2,1,1.0691079716050385
3,2,0.9100896268153255
4,2,1.0291213850997647
5,2,0.638498560359183
